{
    "$schema": "https://schema.management.azure.com/schemas/2015-01-01/deploymentTemplate.json#",
    "contentVersion": "1.0.0.0",
    "parameters": {
        "resourceName": {
            "type": "string",
            "metadata": {
                "description": "The name of the Managed Cluster resource."
            }
        },
        "location": {
            "type": "string",
            "metadata": {
                "description": "The location of AKS resource."
            }
        },
        "dnsPrefix": {
            "type": "string",
            "metadata": {
                "description": "Optional DNS prefix to use with hosted Kubernetes API server FQDN."
            }
        },
        "osDiskSizeGB": {
            "type": "int",
            "defaultValue": 0,
            "metadata": {
                "description": "Disk size (in GiB) to provision for each of the agent pool nodes. This value ranges from 0 to 1023. Specifying 0 will apply the default disk size for that agentVMSize."
            },
            "minValue": 0,
            "maxValue": 1023
        },
        "kubernetesVersion": {
            "type": "string",
            "defaultValue": "1.7.7",
            "metadata": {
                "description": "The version of Kubernetes."
            }
        },
        "networkPlugin": {
            "type": "string",
            "allowedValues": [
                "azure",
                "kubenet"
            ],
            "metadata": {
                "description": "Network plugin used for building Kubernetes network."
            }
        },
        "maxPods": {
            "type": "int",
            "defaultValue": 30,
            "metadata": {
                "description": "Maximum number of pods that can run on a node."
            }
        },
        "enableRBAC": {
            "type": "bool",
            "defaultValue": true,
            "metadata": {
                "description": "Boolean flag to turn on and off of RBAC."
            }
        },
        "vmssNodePool": {
            "type": "bool",
            "defaultValue": false,
            "metadata": {
                "description": "Boolean flag to turn on and off of VM scale sets"
            }
        },
        "windowsProfile": {
            "type": "bool",
            "defaultValue": false,
            "metadata": {
                "description": "Boolean flag to turn on and off of VM scale sets"
            }
        },
        "servicePrincipalClientId": {
            "metadata": {
                "description": "Client ID (used by cloudprovider)."
            },
            "type": "securestring"
        },
        "servicePrincipalClientSecret": {
            "metadata": {
                "description": "The Service Principal Client Secret."
            },
            "type": "securestring"
        },
        "enablePrivateCluster": {
            "type": "bool",
            "defaultValue": false,
            "metadata": {
                "description": "Enable private network access to the Kubernetes cluster."
            }
        },
        "aadSessionKey": {
            "type": "securestring",
            "defaultValue": ""
        },
        "enableHttpApplicationRouting": {
            "type": "bool",
            "defaultValue": true,
            "metadata": {
                "description": "Boolean flag to turn on and off http application routing."
            }
        },
        "enableAzurePolicy": {
            "type": "bool",
            "defaultValue": false,
            "metadata": {
                "description": "Boolean flag to turn on and off Azure Policy addon."
            }
        },
        "principalId": {
            "type": "string",
            "metadata": {
                "description": "The objectId of service principal."
            }
        },
        "enableOmsAgent": {
            "type": "bool",
            "defaultValue": true,
            "metadata": {
                "description": "Boolean flag to turn on and off omsagent addon."
            }
        },
        "workspaceRegion": {
            "type": "string",
            "defaultValue": "East US",
            "metadata": {
                "description": "Specify the region for your OMS workspace."
            }
        },
        "workspaceName": {
            "type": "string",
            "metadata": {
                "description": "Specify the name of the OMS workspace."
            }
        },
        "omsWorkspaceId": {
            "type": "string",
            "metadata": {
                "description": "Specify the resource id of the OMS workspace."
            }
        },
        "omsSku": {
            "type": "string",
            "defaultValue": "standalone",
            "allowedValues": [
                "free",
                "standalone",
                "pernode"
            ],
            "metadata": {
                "description": "Select the SKU for your workspace."
            }
        },
        "vnetSubnetID": {
            "type": "string",
            "metadata": {
                "description": "Resource ID of virtual network subnet used for nodes and/or pods IP assignment."
            }
        },
        "serviceCidr": {
            "type": "string",
            "metadata": {
                "description": "A CIDR notation IP range from which to assign service cluster IPs."
            }
        },
        "dnsServiceIP": {
            "type": "string",
            "metadata": {
                "description": "Containers DNS server IP address."
            }
        },
        "dockerBridgeCidr": {
            "type": "string",
            "metadata": {
                "description": "A CIDR notation IP for Docker bridge."
            }
        }
    },
    "resources": [
        {
            "apiVersion": "2020-03-01",
            "dependsOn": [],
            "type": "Microsoft.ContainerService/managedClusters",
            "location": "[parameters('location')]",
            "name": "[parameters('resourceName')]",
            "properties": {
                "kubernetesVersion": "[parameters('kubernetesVersion')]",
                "enableRBAC": "[parameters('enableRBAC')]",
                "dnsPrefix": "[parameters('dnsPrefix')]",
                "agentPoolProfiles": [
                    {
                        "name": "agentpool",
                        "osDiskSizeGB": "[parameters('osDiskSizeGB')]",
                        "count": 1,
                        "vmSize": "Standard_B2s",
                        "osType": "Linux",
                        "storageProfile": "ManagedDisks",
                        "type": "VirtualMachineScaleSets",
                        "mode": "System",
                        "vnetSubnetID": "[parameters('vnetSubnetID')]"
                    },
                    {
                        "name": "mssql",
                        "osDiskSizeGB": "[parameters('osDiskSizeGB')]",
                        "count": 1,
                        "vmSize": "Standard_B2s",
                        "osType": "Linux",
                        "storageProfile": "ManagedDisks",
                        "type": "VirtualMachineScaleSets",
                        "mode": "User",
                        "vnetSubnetID": "[parameters('vnetSubnetID')]"
                    }
                ],
                "networkProfile": {
                    "loadBalancerSku": "standard",
                    "networkPlugin": "[parameters('networkPlugin')]",
                    "serviceCidr": "[parameters('serviceCidr')]",
                    "dnsServiceIP": "[parameters('dnsServiceIP')]",
                    "dockerBridgeCidr": "[parameters('dockerBridgeCidr')]"
                },
                "servicePrincipalProfile": {
                    "ClientId": "[parameters('servicePrincipalClientId')]",
                    "Secret": "[parameters('servicePrincipalClientSecret')]",
                    "aadSessionKey": "[parameters('aadSessionKey')]"
                },
                "apiServerAccessProfile": {
                    "enablePrivateCluster": "[parameters('enablePrivateCluster')]"
                },
                "addonProfiles": {
                    "httpApplicationRouting": {
                        "enabled": "[parameters('enableHttpApplicationRouting')]"
                    },
                    "azurePolicy": {
                        "enabled": "[parameters('enableAzurePolicy')]"
                    },
                    "omsagent": {
                        "enabled": "[parameters('enableOmsAgent')]",
                        "config": {
                            "logAnalyticsWorkspaceResourceID": "[parameters('omsWorkspaceId')]"
                        }
                    }
                }
            },
            "tags": {}
        },
        {
            "type": "Microsoft.Resources/deployments",
            "name": "SolutionDeployment-20200921100010",
            "apiVersion": "2017-05-10",
            "resourceGroup": "[split(parameters('omsWorkspaceId'),'/')[4]]",
            "subscriptionId": "[split(parameters('omsWorkspaceId'),'/')[2]]",
            "properties": {
                "mode": "Incremental",
                "template": {
                    "$schema": "https://schema.management.azure.com/schemas/2015-01-01/deploymentTemplate.json#",
                    "contentVersion": "1.0.0.0",
                    "parameters": {},
                    "variables": {},
                    "resources": [
                        {
                            "apiVersion": "2015-11-01-preview",
                            "type": "Microsoft.OperationsManagement/solutions",
                            "location": "[parameters('workspaceRegion')]",
                            "name": "[concat('ContainerInsights', '(', split(parameters('omsWorkspaceId'),'/')[8], ')')]",
                            "properties": {
                                "workspaceResourceId": "[parameters('omsWorkspaceId')]"
                            },
                            "plan": {
                                "name": "[concat('ContainerInsights', '(', split(parameters('omsWorkspaceId'),'/')[8], ')')]",
                                "product": "[concat('OMSGallery/', 'ContainerInsights')]",
                                "promotionCode": "",
                                "publisher": "Microsoft"
                            }
                        }
                    ]
                }
            },
            "dependsOn": []
        },
        {
            "type": "Microsoft.Resources/deployments",
            "name": "ClusterMonitoringMetricPulisherRoleAssignmentDepl-20200921100010",
            "apiVersion": "2017-05-10",
            "resourceGroup": "EPAM",
            "subscriptionId": "99a1e7d2-cab0-45e1-b62b-2df7b3101d90",
            "properties": {
                "mode": "Incremental",
                "template": {
                    "$schema": "https://schema.management.azure.com/schemas/2015-01-01/deploymentTemplate.json#",
                    "contentVersion": "1.0.0.0",
                    "parameters": {},
                    "variables": {},
                    "resources": [
                        {
                            "type": "Microsoft.ContainerService/managedClusters/providers/roleAssignments",
                            "apiVersion": "2018-01-01-preview",
                            "name": "myKubernetes/Microsoft.Authorization/d19d1863-0b6d-49f4-bc78-a1ba1056e8af",
                            "properties": {
                                "roleDefinitionId": "[concat('/subscriptions/', subscription().subscriptionId, '/providers/Microsoft.Authorization/roleDefinitions/', '3913510d-42f4-4e42-8a64-420c390055eb')]",
                                "principalId": "[parameters('principalId')]",
                                "scope": "/subscriptions/99a1e7d2-cab0-45e1-b62b-2df7b3101d90/resourceGroups/EPAM/providers/Microsoft.ContainerService/managedClusters/myKubernetes"
                            }
                        }
                    ]
                }
            },
            "dependsOn": [
                "/subscriptions/99a1e7d2-cab0-45e1-b62b-2df7b3101d90/resourceGroups/EPAM/providers/Microsoft.ContainerService/managedClusters/myKubernetes"
            ]
        },
        {
            "type": "Microsoft.Resources/deployments",
            "name": "ClusterSubnetRoleAssignmentDeployment-20200921100010",
            "apiVersion": "2017-05-10",
            "resourceGroup": "EPAM",
            "subscriptionId": "99a1e7d2-cab0-45e1-b62b-2df7b3101d90",
            "properties": {
                "mode": "Incremental",
                "template": {
                    "$schema": "https://schema.management.azure.com/schemas/2015-01-01/deploymentTemplate.json#",
                    "contentVersion": "1.0.0.0",
                    "parameters": {},
                    "variables": {},
                    "resources": [
                        {
                            "type": "Microsoft.Network/virtualNetworks/subnets/providers/roleAssignments",
                            "apiVersion": "2017-05-01",
                            "name": "EPAM-vnet/default/Microsoft.Authorization/bb9305e7-07b4-428b-89f3-0cf02df6900d",
                            "properties": {
                                "roleDefinitionId": "[concat('/subscriptions/', subscription().subscriptionId, '/providers/Microsoft.Authorization/roleDefinitions/', '4d97b98b-1d4f-4787-a291-c67834d212e7')]",
                                "principalId": "[parameters('principalId')]",
                                "scope": "/subscriptions/99a1e7d2-cab0-45e1-b62b-2df7b3101d90/resourceGroups/EPAM/providers/Microsoft.Network/virtualNetworks/EPAM-vnet/subnets/default"
                            }
                        }
                    ]
                }
            },
            "dependsOn": []
        }
    ],
    "outputs": {
        "controlPlaneFQDN": {
            "type": "string",
            "value": "[reference(concat('Microsoft.ContainerService/managedClusters/', parameters('resourceName'))).fqdn]"
        }
    }
}